Frame,Object ID,Class,X1,Y1,X2,Y2,Confidence
1,0,person,4,14,367,354,0.7096021771430969
2,0,person,7,14,365,354,0.6622979640960693
3,0,person,7,14,365,354,0.6713933348655701
4,0,person,7,14,364,354,0.6475862264633179
5,0,person,15,14,366,354,0.5914326906204224
6,0,person,6,14,358,354,0.5990064740180969
7,0,person,4,14,359,354,0.5707147717475891
8,0,person,1,14,356,354,0.5733765363693237
9,0,person,3,13,354,354,0.5833165049552917
10,0,person,1,13,354,354,0.649213969707489
10,1,person,313,1,639,354,0.5235329866409302
11,0,person,2,13,355,354,0.6812101602554321
11,1,person,313,1,639,354,0.5256408452987671
12,0,person,1,13,355,354,0.7256774306297302
13,0,person,1,13,354,354,0.7186093926429749
13,2,person,324,1,639,354,0.5559583902359009
14,0,person,5,12,354,353,0.6228150725364685
16,3,person,327,1,638,353,0.539014458656311
18,4,person,337,1,638,353,0.5357690453529358
19,4,person,344,0,638,353,0.6053374409675598
20,4,person,345,0,637,353,0.5518305897712708
21,4,person,344,0,638,354,0.568239152431488
22,4,person,344,0,637,355,0.5451847314834595
26,5,person,6,19,410,356,0.5414745211601257
26,6,person,342,0,639,354,0.5148549675941467
28,7,person,26,0,639,358,0.540787935256958
29,7,person,39,0,639,358,0.5735204815864563
30,7,person,33,0,640,355,0.5334661602973938
31,7,person,9,0,638,355,0.5387354493141174
35,8,person,22,0,638,356,0.6415819525718689
36,9,person,311,0,639,354,0.535143256187439
37,9,person,290,0,639,355,0.569732129573822
38,9,person,287,0,639,354,0.5213282704353333
39,10,person,1,20,362,355,0.5355398654937744
40,10,person,4,21,353,354,0.5608987808227539
41,10,person,9,20,365,355,0.5648153424263
41,11,person,345,0,637,205,0.5278245806694031
44,12,person,341,75,640,355,0.5414743423461914
44,13,cow,0,107,158,354,0.5137506723403931
45,12,person,343,76,639,354,0.5661282539367676
46,12,person,339,78,640,355,0.5802831649780273
46,14,person,315,51,360,156,0.5200000405311584
47,12,person,340,80,640,355,0.5365613102912903
48,12,person,207,87,640,355,0.5659152269363403
48,15,elephant,0,113,159,354,0.5444560647010803
49,12,person,341,92,640,355,0.6705130934715271
50,12,person,340,97,640,355,0.609011173248291
51,12,person,211,99,640,355,0.5901411175727844
52,12,person,209,105,639,355,0.7068926692008972
53,12,person,212,111,639,355,0.7760311365127563
53,16,person,1,120,324,356,0.5427616238594055
54,12,person,339,118,640,355,0.655651330947876
55,12,person,208,122,638,356,0.5145737528800964
56,12,person,339,126,639,356,0.5183789134025574
57,12,person,186,132,636,356,0.5995687246322632
59,17,person,206,142,637,355,0.5110841989517212
60,17,person,214,147,640,356,0.5234137773513794
61,17,person,200,148,640,357,0.7176917791366577
62,17,person,201,148,640,356,0.6283320188522339
63,17,person,205,150,639,357,0.6341187357902527
65,18,person,205,141,639,356,0.6284977197647095
68,19,person,210,144,629,357,0.5363208651542664
70,20,person,209,169,619,356,0.5000580549240112
72,21,person,353,202,598,356,0.5786349177360535
73,21,person,352,205,591,356,0.6661161780357361
74,21,person,352,208,585,356,0.7448323965072632
75,21,person,351,210,580,356,0.7744866609573364
76,21,person,350,214,573,356,0.7904489636421204
77,21,person,349,217,568,355,0.826226532459259
78,21,person,348,220,565,356,0.8229382634162903
79,21,person,347,222,562,356,0.8233856558799744
80,21,person,347,226,490,357,0.5023394823074341
81,21,person,346,228,556,356,0.6814761161804199
82,21,person,346,231,551,356,0.5921348929405212
83,21,person,345,234,481,357,0.5074547529220581
85,22,person,344,240,474,357,0.5983703136444092
86,22,person,342,242,472,358,0.5561224818229675
87,22,person,341,243,467,357,0.5395562052726746
88,22,person,339,245,464,358,0.565201997756958
89,22,person,214,236,527,356,0.5739940404891968
91,23,person,216,235,522,356,0.5743505954742432
100,24,skateboard,362,109,422,234,0.5389681458473206
101,24,skateboard,362,109,422,234,0.5492167472839355
102,24,skateboard,362,109,422,234,0.5480524897575378
103,24,skateboard,362,109,422,234,0.5481812357902527
104,24,skateboard,362,109,422,234,0.5481812357902527
108,25,person,1,2,370,168,0.7328831553459167
109,25,person,1,2,370,168,0.7325504422187805
110,25,person,1,2,370,168,0.7332422137260437
111,25,person,1,2,370,168,0.7332422137260437
112,25,person,1,2,370,168,0.7325772643089294
116,26,person,303,152,393,277,0.7299358248710632
116,27,person,0,1,381,147,0.7174502611160278
117,27,person,0,1,381,145,0.7950726747512817
117,26,person,305,156,393,277,0.7090778946876526
118,27,person,0,1,382,145,0.7993436455726624
118,26,person,300,159,393,277,0.6604155898094177
119,27,person,0,1,382,145,0.7934352159500122
119,26,person,297,156,393,277,0.5073232054710388
120,27,person,0,1,381,143,0.814608097076416
121,27,person,0,1,381,143,0.8080562949180603
122,27,person,0,1,381,143,0.8053135275840759
123,27,person,0,1,381,143,0.7896868586540222
124,27,person,0,1,381,143,0.7887299656867981
125,27,person,0,1,381,143,0.7911654710769653
126,27,person,0,1,381,143,0.7861011028289795
127,27,person,0,1,381,144,0.7812389731407166
128,27,person,0,1,381,144,0.7821969389915466
129,27,person,0,1,381,143,0.7808355093002319
130,27,person,0,1,381,143,0.7953842282295227
131,27,person,0,1,381,143,0.7794224619865417
132,27,person,0,1,381,143,0.7853490114212036
133,27,person,0,1,381,144,0.7821782231330872
134,27,person,0,1,381,143,0.7790881991386414
135,27,person,0,1,381,143,0.7757105827331543
136,27,person,0,1,381,143,0.774799108505249
137,27,person,0,1,381,143,0.7678787708282471
138,27,person,0,1,381,143,0.7728304862976074
139,27,person,0,1,381,143,0.7921879291534424
140,27,person,0,1,381,143,0.7993267178535461
141,27,person,0,1,381,143,0.8015745878219604
142,27,person,0,1,381,144,0.7187283635139465
143,28,person,299,163,393,277,0.8122084140777588
143,27,person,1,1,381,143,0.7414783239364624
144,28,person,300,162,393,277,0.7648019194602966
144,27,person,1,1,381,143,0.689349889755249
175,29,bird,401,137,563,357,0.5309362411499023
176,30,person,5,74,519,355,0.5445430278778076
177,30,person,6,75,521,354,0.5283077359199524
178,30,person,6,71,531,354,0.5510706305503845
179,30,person,2,73,510,326,0.5765441060066223
180,30,person,5,73,540,353,0.5840393900871277
181,30,person,2,76,509,317,0.5750671625137329
182,30,person,4,73,536,353,0.6113316416740417
183,30,person,4,72,534,353,0.6426368355751038
184,30,person,4,72,533,352,0.6295284032821655
185,30,person,1,0,563,350,0.5231197476387024
189,31,person,0,8,313,355,0.5515520572662354
190,31,person,0,3,294,353,0.6320794820785522
191,31,person,0,5,277,356,0.6105743050575256
192,31,person,0,5,259,355,0.6729459166526794
193,31,person,0,6,248,355,0.6285379528999329
195,32,person,0,4,231,352,0.5521345734596252
196,32,person,0,4,229,351,0.5819690823554993
197,32,person,0,6,230,352,0.5255838632583618
198,32,person,0,7,231,353,0.5471276044845581
199,32,person,0,7,231,352,0.5996041893959045
200,32,person,0,8,231,352,0.6288385391235352
201,32,person,0,8,231,352,0.6050589680671692
202,32,person,0,7,231,351,0.5766769051551819
203,32,person,0,5,229,351,0.635444164276123
206,33,person,188,140,293,268,0.6958670020103455
207,34,bird,189,141,292,267,0.5645423531532288
208,34,bird,189,140,292,267,0.5066126585006714
209,34,bird,189,140,292,266,0.5184247493743896
221,35,person,133,6,464,354,0.7525961995124817
222,35,person,131,6,455,354,0.803625226020813
223,35,person,137,6,455,354,0.7536989450454712
224,35,person,61,7,462,355,0.7721704244613647
225,35,person,64,8,457,356,0.8459909558296204
226,35,person,64,9,465,355,0.8125864863395691
227,35,person,63,9,468,355,0.8188863396644592
228,35,person,65,12,470,355,0.8758205771446228
229,35,person,67,9,476,355,0.841597318649292
230,35,person,64,11,476,355,0.83961021900177
231,35,person,63,11,476,355,0.8249827027320862
232,35,person,62,11,477,355,0.8120041489601135
233,35,person,99,14,481,355,0.807454526424408
234,35,person,59,12,483,355,0.8560742139816284
235,35,person,59,13,486,355,0.8723524808883667
236,35,person,70,16,490,355,0.8379025459289551
237,35,person,67,18,492,355,0.8521982431411743
238,35,person,71,16,492,355,0.8462768197059631
239,35,person,159,18,489,355,0.8358402252197266
240,35,person,0,0,511,356,0.6133080720901489
241,35,person,0,0,491,357,0.5756189823150635
242,35,person,2,0,543,356,0.5406541228294373
243,35,person,0,0,506,355,0.6182670593261719
244,35,person,0,0,486,355,0.6173127889633179
245,35,person,0,0,513,355,0.6132360696792603
246,35,person,0,0,509,356,0.588044285774231
260,36,cell phone,174,0,555,357,0.5717206001281738
261,36,cell phone,174,1,556,357,0.666290283203125
262,36,cell phone,170,1,557,357,0.6818351745605469
263,36,cell phone,173,1,559,357,0.7049916982650757
265,37,person,170,54,478,355,0.6482645869255066
266,37,person,172,48,479,356,0.666964054107666
267,37,person,171,39,488,356,0.5656746029853821
268,37,person,169,31,469,357,0.6140540242195129
269,37,person,166,30,470,356,0.5937561988830566
270,37,person,164,25,474,357,0.6636949181556702
271,37,person,163,21,473,357,0.5586856007575989
271,38,person,0,108,123,355,0.5041860342025757
272,38,person,0,121,144,355,0.6221829652786255
272,37,person,164,19,472,357,0.5457736253738403
273,37,person,164,19,471,357,0.5859448313713074
274,37,person,162,23,471,356,0.6011463403701782
276,39,person,154,11,521,354,0.613558292388916
277,39,person,162,34,465,355,0.6111922860145569
278,39,person,161,36,466,355,0.7130313515663147
279,40,person,0,150,215,356,0.5249649882316589
279,39,person,151,39,470,356,0.5176948308944702
280,40,person,0,152,217,355,0.5212210416793823
281,40,person,0,160,230,356,0.5114928483963013
282,40,person,0,165,243,356,0.5128589868545532
283,40,person,0,167,253,356,0.6794680953025818
284,40,person,0,169,254,356,0.6491364240646362
285,40,person,0,170,255,356,0.6677023768424988
288,41,person,0,172,257,356,0.6084330677986145
289,41,person,0,172,254,356,0.5794897675514221
290,41,person,0,172,255,356,0.5356223583221436
295,42,person,0,172,262,356,0.5073351263999939
300,43,cell phone,152,0,555,356,0.7110641002655029
300,44,person,0,172,214,356,0.5590375661849976
301,44,person,0,164,196,356,0.6698299646377563
301,43,cell phone,132,0,559,356,0.6394025683403015
303,45,cell phone,168,0,552,357,0.5142664313316345
304,45,cell phone,169,0,551,357,0.6972199082374573
305,46,person,0,127,221,355,0.621776282787323
306,46,person,0,121,223,355,0.6306502223014832
307,46,person,0,115,248,353,0.6405625939369202
308,46,person,0,110,264,353,0.5143980383872986
309,46,person,0,110,282,355,0.5981842875480652
310,46,person,0,113,293,355,0.6159161329269409
311,46,person,0,113,293,355,0.7075266242027283
312,46,person,0,111,289,355,0.61553955078125
314,47,person,0,83,213,355,0.6201411485671997
315,47,person,0,59,226,354,0.535274088382721
315,48,cell phone,167,0,549,357,0.5268658399581909
316,48,cell phone,163,0,546,356,0.781639039516449
317,48,cell phone,169,0,546,357,0.6930097341537476
319,49,person,1,8,468,353,0.5069687366485596
320,49,person,0,0,461,349,0.59465092420578
320,50,cell phone,161,0,560,357,0.5883402228355408
321,50,cell phone,166,0,564,358,0.6997215151786804
322,51,person,0,3,488,354,0.7325136065483093
322,50,cell phone,161,1,567,358,0.666775107383728
324,52,cell phone,152,0,565,358,0.5275404453277588
326,53,cell phone,143,0,560,358,0.6342562437057495
327,53,cell phone,149,0,558,359,0.5112147927284241
328,53,cell phone,166,0,554,357,0.7811011075973511
328,54,person,0,59,301,352,0.6169797778129578
329,53,cell phone,168,0,556,358,0.818304717540741
329,54,person,0,77,283,353,0.5193787217140198
330,53,cell phone,169,0,556,357,0.743940532207489
330,54,person,0,93,255,351,0.5474965572357178
331,53,cell phone,169,0,559,358,0.9319401979446411
331,54,person,0,107,227,353,0.6007372140884399
332,53,cell phone,170,0,559,358,0.8328097462654114
333,53,cell phone,170,0,556,359,0.7971858978271484
334,53,cell phone,170,0,555,359,0.8358170986175537
335,53,cell phone,170,0,556,359,0.8834431171417236
336,53,cell phone,168,0,558,359,0.8752045631408691
337,53,cell phone,167,0,558,359,0.9014886617660522
338,53,cell phone,167,0,558,359,0.8492041230201721
338,55,person,0,171,184,354,0.5384634137153625
339,53,cell phone,166,0,558,359,0.8424584269523621
340,53,cell phone,166,0,559,358,0.8129544854164124
340,56,person,0,178,186,355,0.5353966355323792
341,53,cell phone,162,0,561,359,0.7820863127708435
342,53,cell phone,168,0,563,356,0.7825700044631958
342,57,person,0,178,184,356,0.5184751152992249
343,53,cell phone,152,0,560,356,0.7410290241241455
343,57,person,0,177,182,355,0.5986063480377197
344,53,cell phone,160,0,556,356,0.7395399808883667
344,57,person,0,177,182,355,0.6183041334152222
345,57,person,0,179,182,356,0.5754488110542297
345,53,cell phone,150,0,558,350,0.5612208843231201
346,53,cell phone,164,0,556,358,0.9217630624771118
347,53,cell phone,160,0,557,358,0.8947184085845947
347,58,person,0,179,183,355,0.5417712330818176
348,53,cell phone,154,0,557,356,0.8750637769699097
349,53,cell phone,158,0,555,358,0.8679102659225464
350,53,cell phone,157,0,556,356,0.8655532598495483
351,53,cell phone,162,0,556,358,0.92069411277771
351,59,person,0,179,182,354,0.546298623085022
352,53,cell phone,155,0,556,357,0.8503597974777222
353,53,cell phone,160,0,554,358,0.8426676392555237
354,53,cell phone,166,0,551,358,0.8790459632873535
355,60,person,0,127,201,354,0.7972233891487122
355,53,cell phone,161,0,550,357,0.7772232890129089
355,61,person,359,225,477,357,0.5971368551254272
356,53,cell phone,157,0,550,355,0.811281681060791
356,60,person,0,117,223,355,0.6527110934257507
357,53,cell phone,147,0,552,354,0.7893317341804504
357,60,person,0,112,256,353,0.7109193205833435
358,60,person,0,107,286,352,0.7143853902816772
358,53,cell phone,165,0,554,355,0.5287268757820129
359,60,person,0,108,312,347,0.6010845303535461
359,53,cell phone,190,1,558,354,0.5479068160057068
360,60,person,0,112,335,355,0.6521655321121216
361,60,person,0,112,345,355,0.728411078453064
362,62,cell phone,141,0,558,354,0.6118226051330566
364,63,person,0,49,343,352,0.5188703536987305
365,63,person,0,20,346,352,0.5385827422142029
366,64,cell phone,240,1,562,354,0.6455481648445129
367,65,person,0,34,344,351,0.5682839751243591
367,64,cell phone,242,1,561,354,0.5217314958572388
368,65,person,0,13,345,353,0.6293544769287109
368,64,cell phone,145,0,561,355,0.5450463891029358
369,64,cell phone,94,0,560,353,0.5876836180686951
374,66,cell phone,159,0,563,357,0.5364537835121155
375,66,cell phone,156,0,572,358,0.6304196715354919
377,67,cell phone,161,0,571,358,0.6228171586990356
378,67,cell phone,163,0,562,357,0.6653290390968323
379,67,cell phone,159,0,559,358,0.7599449753761292
380,67,cell phone,158,0,556,359,0.7498815059661865
380,68,person,371,223,480,356,0.5285015106201172
381,67,cell phone,157,0,555,358,0.7361474633216858
381,68,person,370,222,480,356,0.526592493057251
382,67,cell phone,156,0,556,358,0.7918022274971008
382,68,person,370,222,480,356,0.5234944224357605
383,67,cell phone,156,0,555,358,0.7078428864479065
383,68,person,370,223,479,356,0.5645512938499451
384,67,cell phone,157,0,553,357,0.8236594200134277
384,68,person,373,223,477,356,0.5168336033821106
385,67,cell phone,157,0,553,357,0.8031827211380005
385,68,person,373,223,477,356,0.5161886811256409
386,67,cell phone,157,0,554,357,0.7479433417320251
386,68,person,371,225,478,356,0.5128718614578247
387,67,cell phone,162,1,555,357,0.6449618339538574
388,67,cell phone,156,0,555,357,0.7247968316078186
389,67,cell phone,155,0,553,357,0.7475075721740723
390,67,cell phone,153,0,553,357,0.7252990007400513
391,67,cell phone,156,0,554,357,0.8005903363227844
392,67,cell phone,154,0,555,357,0.7762054204940796
393,67,cell phone,154,0,555,356,0.7303304672241211
394,67,cell phone,152,0,554,357,0.6865886449813843
395,67,cell phone,155,0,554,356,0.5621098279953003
396,67,cell phone,154,0,557,356,0.738902747631073
397,69,person,120,0,417,356,0.8241632580757141
398,69,person,121,0,416,356,0.8431336283683777
399,69,person,120,1,415,356,0.8494198322296143
400,69,person,122,2,413,356,0.769057035446167
401,69,person,123,4,413,356,0.8074015378952026
402,69,person,122,2,405,356,0.7951579093933105
403,69,person,117,4,398,353,0.5678865313529968
405,70,person,120,7,408,355,0.5494173765182495
407,71,person,120,6,407,355,0.5906646251678467
408,71,person,118,3,399,355,0.5960715413093567
409,71,person,113,3,398,355,0.6603151559829712
410,71,person,115,3,392,355,0.7597039341926575
411,71,person,114,4,391,356,0.7176186442375183
412,71,person,114,5,389,356,0.7820337414741516
413,71,person,113,5,390,355,0.7427796125411987
414,71,person,96,5,388,351,0.5830771327018738
415,71,person,111,9,391,354,0.5296579003334045
416,71,person,82,11,392,354,0.5347321033477783
417,72,person,186,2,638,354,0.8800137639045715
418,72,person,189,2,638,355,0.8606136441230774
419,72,person,214,1,638,354,0.7071429491043091
420,72,person,287,2,639,354,0.6866419315338135
421,73,person,24,0,640,355,0.7231484651565552
422,73,person,62,2,638,355,0.7730141282081604
423,73,person,155,2,640,355,0.8060575127601624
423,74,cell phone,75,122,361,268,0.5716757774353027
424,73,person,159,2,640,355,0.8987217545509338
424,74,cell phone,89,111,371,253,0.6117632389068604
425,73,person,99,1,639,355,0.8055754899978638
425,74,cell phone,98,105,376,244,0.607434868812561
426,73,person,68,1,637,357,0.8218667507171631
426,74,cell phone,107,102,383,240,0.5713142156600952
427,73,person,58,1,638,357,0.808711051940918
427,74,cell phone,114,102,385,239,0.5968595743179321
428,73,person,29,1,638,356,0.8117266297340393
428,74,cell phone,118,101,388,241,0.7653452754020691
429,73,person,41,0,639,356,0.8256404995918274
429,74,cell phone,122,102,392,242,0.7489602565765381
430,74,cell phone,127,101,397,242,0.8827992081642151
430,73,person,39,0,638,355,0.8092317581176758
431,74,cell phone,131,102,400,243,0.9055456519126892
431,73,person,58,0,571,355,0.8204715847969055
432,74,cell phone,134,102,401,242,0.8983308672904968
432,73,person,15,0,637,355,0.7858619093894958
435,75,person,326,145,436,357,0.8558604717254639
435,76,person,144,118,249,356,0.8178587555885315
435,77,person,222,155,350,357,0.7919114828109741
435,78,person,296,106,362,222,0.7280977368354797
436,75,person,326,145,436,357,0.8562150597572327
436,76,person,144,118,249,356,0.8178703784942627
436,77,person,222,155,350,357,0.7912853956222534
436,78,person,296,106,362,222,0.7278732061386108
437,75,person,326,145,436,357,0.8562183976173401
437,76,person,144,118,249,356,0.817851185798645
437,77,person,222,155,350,357,0.7912746667861938
437,78,person,296,106,362,222,0.7278720736503601
438,75,person,326,145,436,357,0.8562183976173401
438,76,person,144,118,249,356,0.817851185798645
438,77,person,222,155,350,357,0.7912746667861938
438,78,person,296,106,362,222,0.7278720736503601
439,75,person,326,145,436,357,0.8562183976173401
439,76,person,144,118,249,356,0.817851185798645
439,77,person,222,155,350,357,0.7912746667861938
439,78,person,296,106,362,222,0.7278720736503601
440,75,person,326,145,436,357,0.8562183976173401
440,76,person,144,118,249,356,0.817851185798645
440,77,person,222,155,350,357,0.7912746667861938
440,78,person,296,106,362,222,0.7278720736503601
443,79,person,316,127,413,356,0.867896556854248
443,80,person,112,100,228,355,0.8606733679771423
443,81,person,191,138,328,357,0.7835339903831482
443,82,person,268,75,341,212,0.7215675711631775
444,79,person,316,127,413,356,0.8679706454277039
444,80,person,112,100,228,355,0.8605794906616211
444,81,person,191,138,328,357,0.7832042574882507
444,82,person,268,75,341,212,0.7215451598167419
445,79,person,317,127,413,356,0.8678194880485535
445,80,person,112,100,228,355,0.8608181476593018
445,81,person,191,138,327,357,0.7831487059593201
445,82,person,268,75,341,212,0.7214471101760864
446,79,person,317,127,413,356,0.8678194880485535
446,80,person,112,100,228,355,0.8608181476593018
446,81,person,191,138,327,357,0.7831487059593201
446,82,person,268,75,341,212,0.7214471101760864
447,79,person,317,127,413,356,0.8678194880485535
447,80,person,112,100,228,355,0.8608181476593018
447,81,person,191,138,327,357,0.7831487059593201
447,82,person,268,75,341,212,0.7214471101760864
448,79,person,317,127,413,356,0.8678194880485535
448,80,person,112,100,228,355,0.8608181476593018
448,81,person,191,138,327,357,0.7831487059593201
448,82,person,268,75,341,212,0.7214471101760864
451,83,person,354,105,495,356,0.8733686208724976
451,84,person,232,98,389,355,0.6350771188735962
452,83,person,354,76,494,356,0.6078194975852966
452,84,person,241,108,394,355,0.5793755054473877
452,85,person,119,78,266,356,0.5025026798248291
453,84,person,216,130,392,355,0.638075590133667
454,86,person,356,104,496,356,0.8565276265144348
454,84,person,223,53,394,356,0.8085846304893494
455,86,person,351,103,496,356,0.8665063381195068
455,87,person,121,77,258,356,0.8081985712051392
455,84,person,304,52,395,204,0.5298871994018555
456,87,person,121,78,268,356,0.8454216122627258
456,88,teddy bear,354,104,497,356,0.7831842303276062
456,84,person,223,53,395,356,0.7383148670196533
457,87,person,121,77,269,356,0.8333320021629333
457,88,teddy bear,353,104,497,356,0.7640491724014282
457,84,person,224,52,395,356,0.7239603996276855
458,87,person,121,77,269,356,0.8323215842247009
458,84,person,224,52,395,356,0.725472092628479
458,88,teddy bear,353,104,497,356,0.61116623878479
459,87,person,121,77,269,356,0.8198628425598145
459,84,person,224,52,396,356,0.7465690970420837
459,88,teddy bear,352,104,497,356,0.5002491474151611
460,87,person,121,77,268,356,0.8111205697059631
460,84,person,224,52,396,356,0.7435187101364136
460,89,person,352,104,496,356,0.5054532289505005
461,87,person,121,77,268,356,0.7964993119239807
461,84,person,224,52,397,356,0.7391086220741272
461,89,person,352,104,496,356,0.5672251582145691
462,87,person,121,77,267,356,0.7698068022727966
462,84,person,224,52,397,356,0.7488989233970642
462,89,person,353,104,496,356,0.6131415367126465
463,89,person,352,104,496,356,0.73239666223526
463,87,person,120,77,264,356,0.7274080514907837
463,84,person,225,52,397,356,0.727130651473999
464,89,person,351,104,496,356,0.8026028871536255
464,87,person,120,77,263,356,0.7131916284561157
464,84,person,224,52,396,356,0.7120907306671143
465,89,person,352,104,496,356,0.7626606225967407
465,84,person,225,52,396,356,0.7192315459251404
465,87,person,121,77,262,356,0.6969782710075378
466,84,person,224,52,396,356,0.724574625492096
466,87,person,121,77,265,356,0.7135213017463684
466,89,person,352,104,496,356,0.6994568109512329
467,87,person,121,77,268,356,0.7271531820297241
467,84,person,225,52,396,356,0.7230628132820129
467,89,person,352,104,496,356,0.5976009964942932
468,89,person,352,104,496,356,0.7880158424377441
468,84,person,224,52,396,356,0.7497521042823792
468,87,person,120,77,266,356,0.6977121233940125
469,89,person,351,104,496,356,0.8527443408966064
469,84,person,225,52,396,356,0.7083344459533691
469,87,person,121,77,260,356,0.7053836584091187
470,89,person,351,104,496,356,0.8483487367630005
470,84,person,226,52,396,356,0.7342578768730164
470,87,person,121,77,258,356,0.7203795909881592
471,89,person,351,104,496,356,0.8467747569084167
471,87,person,121,77,258,356,0.7329913377761841
471,84,person,227,52,396,356,0.695445716381073
472,89,person,351,104,496,356,0.863384485244751
472,87,person,121,77,260,356,0.7425832748413086
472,84,person,226,53,397,356,0.695237934589386
473,89,person,351,104,496,356,0.8768868446350098
473,87,person,120,78,254,356,0.7836493253707886
473,84,person,223,125,390,356,0.6794387102127075
474,89,person,351,103,496,356,0.8820353746414185
474,84,person,224,124,386,356,0.8011466860771179
474,87,person,121,78,254,357,0.6816262006759644
475,89,person,353,103,496,356,0.8819389343261719
475,87,person,121,78,256,357,0.8454254269599915
475,84,person,224,123,388,356,0.8023081421852112
475,90,person,305,52,399,195,0.6290120482444763
484,91,hot dog,276,111,638,290,0.5894798040390015
485,91,hot dog,282,106,638,286,0.5161707997322083
486,92,sports ball,262,138,352,226,0.5288653373718262
494,93,person,0,82,252,355,0.8330594301223755
494,94,person,342,101,414,232,0.5999594330787659
495,93,person,0,82,252,355,0.8376458883285522
495,94,person,342,101,414,235,0.5680360198020935
496,93,person,0,82,253,355,0.8362683653831482
497,93,person,0,82,253,355,0.850849449634552
497,95,donut,330,278,369,315,0.6047187447547913
497,96,person,209,102,283,221,0.5419443249702454
498,93,person,0,82,254,355,0.8446981906890869
499,93,person,0,82,253,355,0.8491958379745483
499,97,person,332,110,640,343,0.5007127523422241
500,93,person,0,82,253,355,0.8546940088272095
500,98,person,207,103,282,222,0.6065395474433899
501,93,person,0,83,252,355,0.849354088306427
501,98,person,206,102,283,221,0.5687253475189209
502,93,person,0,82,251,355,0.8495882749557495
502,99,person,334,101,639,326,0.6428710222244263
502,98,person,206,102,283,221,0.5429445505142212
503,93,person,0,83,251,355,0.8549518585205078
503,99,person,363,31,639,353,0.5974552631378174
503,98,person,207,103,283,222,0.513124406337738
504,93,person,0,83,251,355,0.8691328763961792
505,93,person,0,81,251,355,0.8514160513877869
505,100,person,206,99,283,222,0.5588555335998535
506,93,person,0,81,252,355,0.8558968305587769
506,100,person,207,99,283,221,0.5434170365333557
507,93,person,0,81,252,355,0.8511780500411987
507,100,person,207,98,283,221,0.5298774242401123
508,93,person,0,81,252,355,0.8481001853942871
508,100,person,208,99,282,220,0.5616372227668762
509,93,person,0,81,252,355,0.8454156517982483
509,100,person,207,100,283,222,0.5364283323287964
510,93,person,0,82,252,355,0.8396132588386536
510,100,person,207,99,282,221,0.5515643954277039
510,101,person,432,156,639,282,0.516620934009552
511,93,person,0,82,251,355,0.8488115668296814
511,101,person,431,156,639,283,0.5345166325569153
511,100,person,207,99,282,220,0.5291370153427124
512,93,person,0,82,252,355,0.8546443581581116
512,100,person,206,97,281,220,0.5673860907554626
512,101,person,431,155,639,284,0.562595009803772
513,93,person,0,82,252,355,0.8565695881843567
513,101,person,431,155,639,286,0.5583592057228088
513,100,person,206,99,282,220,0.5378587245941162
513,102,person,357,325,394,360,0.5105465650558472
514,93,person,0,82,252,355,0.8502203226089478
514,101,person,432,153,639,286,0.5512085556983948
514,100,person,206,99,281,220,0.5483688116073608
514,102,person,317,337,356,360,0.5066128969192505
515,93,person,0,82,252,355,0.8547739386558533
515,101,person,432,154,639,287,0.5622797608375549
515,102,person,357,325,394,360,0.5205632448196411
515,100,person,206,100,281,220,0.5155182480812073
516,93,person,0,82,252,355,0.8588545322418213
516,101,person,431,153,639,287,0.5697698593139648
516,100,person,206,100,282,220,0.5275710821151733
516,102,person,317,337,356,360,0.5098535418510437
517,93,person,0,82,252,355,0.8381558060646057
517,101,person,431,154,639,287,0.6009657382965088
517,102,person,316,337,356,360,0.5129156112670898
518,93,person,0,82,252,355,0.8396202921867371
518,101,person,431,154,639,287,0.5736978650093079
518,103,person,206,101,282,220,0.5563172101974487
518,102,person,316,337,356,360,0.5130834579467773
519,93,person,0,82,252,355,0.8303648233413696
519,101,person,431,154,639,288,0.5658922791481018
519,102,person,316,337,356,360,0.5402446389198303
519,103,person,207,101,282,220,0.5522461533546448
520,93,person,0,83,252,355,0.830886960029602
520,102,person,316,337,356,360,0.5265082716941833
520,103,person,207,102,282,220,0.5255342125892639
521,93,person,0,82,252,355,0.8286532163619995
521,103,person,207,101,282,221,0.6008903384208679
521,102,person,316,337,356,360,0.5129685401916504
522,93,person,0,82,252,355,0.8373540639877319
522,103,person,207,100,282,220,0.5753433704376221
522,102,person,357,325,394,360,0.5094237327575684
522,104,person,431,154,639,291,0.5003714561462402
523,93,person,0,82,252,355,0.8365420699119568
523,103,person,207,100,282,220,0.61082923412323
523,104,person,430,154,639,292,0.5246668457984924
524,93,person,0,82,252,355,0.8306528925895691
524,103,person,207,98,283,220,0.6363349556922913
524,104,person,427,156,639,296,0.5311967730522156
525,93,person,0,82,252,355,0.8403982520103455
525,103,person,206,100,282,220,0.5461390018463135
525,104,person,421,160,639,299,0.5115294456481934
526,93,person,0,81,252,355,0.842693030834198
526,103,person,207,101,282,220,0.5580477714538574
527,93,person,0,81,252,355,0.8325546383857727
527,105,person,411,164,639,353,0.6236050128936768
527,103,person,206,100,282,220,0.5324795842170715
528,93,person,0,81,251,355,0.8291399478912354
528,103,person,294,70,352,153,0.5123015642166138
529,93,person,0,81,251,355,0.8423172235488892
529,106,person,401,177,639,355,0.619056761264801
529,103,person,206,101,281,220,0.5365049242973328
530,93,person,0,81,252,355,0.8304814696311951
530,103,person,207,101,281,220,0.5364964008331299
530,107,person,341,99,412,209,0.5052021741867065
531,93,person,0,82,251,355,0.8341163396835327
531,107,person,340,100,412,221,0.502193808555603
532,93,person,0,81,251,355,0.7990736365318298
533,93,person,0,72,233,354,0.705702543258667
533,108,person,347,93,434,250,0.6299941539764404
533,109,person,292,61,355,154,0.5421760678291321
534,93,person,0,62,213,354,0.8017018437385559
534,108,person,262,112,420,295,0.5536229014396667
534,109,person,290,60,361,155,0.5522821545600891
534,110,person,162,88,269,249,0.5387874245643616
535,93,person,0,53,194,354,0.7010208964347839
535,108,person,349,79,465,282,0.6646956205368042
535,109,person,286,56,364,158,0.5753617286682129
536,93,person,0,42,177,354,0.5980554223060608
536,108,person,356,74,478,295,0.5194250345230103
536,111,person,137,77,258,281,0.5278388261795044
537,93,person,0,36,155,353,0.6993811130523682
537,108,person,240,96,456,352,0.510860025882721
537,111,person,125,70,252,295,0.5455431342124939
538,108,person,357,60,515,339,0.7527217268943787
538,111,person,90,64,247,318,0.6981679797172546
539,108,person,356,59,516,346,0.7098745703697205
539,111,person,96,63,247,303,0.6338297128677368
539,112,person,0,24,129,355,0.5079519152641296
540,108,person,353,59,518,346,0.7251102328300476
540,111,person,95,64,247,304,0.6905008554458618
541,108,person,354,60,512,345,0.7175681591033936
541,111,person,96,66,248,305,0.715680718421936
542,111,person,97,65,248,305,0.7136563658714294
542,108,person,355,60,508,345,0.6427305340766907
543,111,person,96,65,248,306,0.7248881459236145
543,108,person,354,61,506,344,0.527692437171936
544,111,person,95,65,247,304,0.7170960307121277
544,108,person,356,62,510,345,0.7083145380020142
545,108,person,357,62,509,346,0.706359326839447
545,111,person,96,65,247,305,0.7053253650665283
546,108,person,358,62,511,346,0.7614861726760864
546,111,person,96,64,247,305,0.7001609206199646
547,108,person,233,36,444,356,0.5067012906074524
547,111,person,96,64,247,307,0.6966034770011902
548,108,person,234,28,443,356,0.5006167888641357
548,111,person,96,65,247,308,0.6808851957321167
549,108,person,236,28,444,356,0.5092247128486633
549,111,person,97,65,246,310,0.6963303089141846
550,108,person,235,31,444,356,0.5057058334350586
550,111,person,97,65,247,312,0.6976068019866943
551,108,person,358,64,510,346,0.7660150527954102
551,111,person,97,64,246,313,0.6777368783950806
552,108,person,358,64,508,347,0.7710554003715515
552,111,person,97,64,246,314,0.6774863004684448
553,108,person,354,64,507,347,0.7007399201393127
553,111,person,97,64,247,313,0.6879425644874573
554,108,person,237,30,433,355,0.5219499468803406
554,111,person,97,66,247,319,0.6498017311096191
555,113,person,357,63,518,346,0.82879638671875
555,111,person,96,67,247,319,0.6662003993988037
556,113,person,356,63,518,346,0.8302410840988159
556,111,person,97,67,247,320,0.6518364548683167
556,114,person,242,31,417,355,0.5142965912818909
557,113,person,351,63,518,347,0.8189601302146912
557,111,person,96,67,286,351,0.5005104541778564
557,114,person,237,23,424,354,0.5416844487190247
558,113,person,355,63,517,349,0.8221041560173035
558,111,person,96,67,247,320,0.6557667851448059
558,114,person,244,23,418,355,0.5590577721595764
559,113,person,355,63,517,349,0.8212764263153076
559,111,person,96,67,247,323,0.6478759050369263
559,114,person,247,23,415,355,0.5440954566001892
560,113,person,355,64,517,350,0.8218619227409363
560,111,person,96,67,247,325,0.6303084492683411
560,114,person,244,23,408,355,0.527444064617157
561,113,person,356,64,517,350,0.8190971612930298
561,111,person,96,67,247,324,0.6313073635101318
561,114,person,245,24,410,355,0.5414271950721741
562,113,person,354,63,517,350,0.8252033591270447
562,111,person,97,66,247,325,0.6280296444892883
562,114,person,247,23,412,355,0.5435303449630737
563,113,person,355,64,517,350,0.827620804309845
563,111,person,97,66,247,325,0.6380939483642578
563,114,person,248,23,417,355,0.5492357015609741
564,113,person,358,64,517,349,0.821757972240448
564,111,person,96,67,247,321,0.6653263568878174
564,114,person,233,21,438,356,0.5657008290290833
565,113,person,355,64,517,347,0.8191283941268921
565,111,person,96,67,247,321,0.669262170791626
565,114,person,237,24,431,354,0.560272753238678
566,113,person,354,64,517,348,0.8154427409172058
566,111,person,96,67,247,321,0.6755949258804321
566,114,person,238,24,431,354,0.549187421798706
567,113,person,353,64,517,347,0.8178713321685791
567,111,person,96,67,247,317,0.700535774230957
567,114,person,233,22,441,356,0.58924800157547
568,113,person,352,64,517,347,0.8169135451316833
568,111,person,96,67,247,317,0.698518693447113
568,114,person,235,24,434,354,0.544792890548706
569,113,person,352,64,517,347,0.819835364818573
569,111,person,96,65,247,314,0.7081182599067688
569,114,person,234,24,441,356,0.543535590171814
570,113,person,353,64,517,347,0.8196073174476624
570,111,person,96,65,247,314,0.7002906203269958
570,114,person,234,22,441,356,0.5521222352981567
571,113,person,352,63,517,347,0.8253607153892517
571,111,person,96,64,247,313,0.6988426446914673
571,114,person,235,22,438,356,0.5734297633171082
572,113,person,353,63,517,345,0.8261533379554749
572,111,person,96,64,247,311,0.6850003004074097
572,114,person,234,28,440,356,0.5494727492332458
573,113,person,354,63,518,344,0.8296248912811279
573,111,person,96,64,247,312,0.6947258710861206
573,114,person,234,27,441,356,0.5980625748634338
574,113,person,353,64,517,347,0.818463921546936
574,111,person,96,64,246,312,0.705283522605896
574,114,person,235,28,439,356,0.5880851745605469
575,113,person,353,64,517,345,0.8163713216781616
575,111,person,95,64,247,311,0.6969934701919556
575,114,person,234,28,439,356,0.6109020709991455
576,113,person,353,64,517,344,0.8168498873710632
576,111,person,95,64,246,313,0.6975545883178711
576,114,person,234,28,440,356,0.6158608794212341
577,113,person,352,64,517,345,0.8151587843894958
577,111,person,95,65,246,313,0.7057510614395142
577,114,person,233,28,440,356,0.6113553643226624
578,113,person,352,64,517,346,0.8157393336296082
578,111,person,95,65,246,314,0.7031396627426147
578,114,person,233,28,441,356,0.6082073450088501
579,113,person,352,64,517,346,0.816622793674469
579,111,person,95,65,246,314,0.7023908495903015
579,114,person,233,29,441,356,0.5977092385292053
580,113,person,352,64,517,347,0.8131766319274902
580,111,person,95,65,246,313,0.7153616547584534
580,114,person,233,28,441,356,0.5901755690574646
581,113,person,351,64,517,344,0.8173847794532776
581,111,person,95,64,246,311,0.7278758883476257
581,114,person,234,28,441,356,0.6238336563110352
582,113,person,352,64,517,344,0.8164680004119873
582,111,person,95,64,246,312,0.7125332355499268
582,114,person,233,28,442,356,0.623168408870697
583,113,person,351,64,517,345,0.80465167760849
583,111,person,94,65,246,311,0.706133246421814
583,114,person,233,30,442,355,0.5610539317131042
584,113,person,351,64,516,347,0.8095608353614807
584,111,person,94,65,246,320,0.6676115989685059
584,114,person,233,30,441,355,0.5739257335662842
585,113,person,351,64,516,347,0.7972582578659058
585,111,person,94,65,246,315,0.6710048317909241
585,114,person,233,28,438,355,0.6063107848167419
586,113,person,352,65,517,344,0.8092496991157532
586,111,person,95,65,246,313,0.7111138105392456
586,114,person,232,32,440,355,0.5767128467559814
587,113,person,352,65,517,344,0.8112688660621643
587,111,person,95,65,246,313,0.715059220790863
587,114,person,233,30,439,355,0.5964229106903076
588,113,person,352,64,517,344,0.8218939304351807
588,111,person,94,65,246,312,0.7016641497612
588,114,person,233,29,440,355,0.6356214880943298
589,113,person,351,64,517,344,0.8218477964401245
589,111,person,94,65,246,315,0.6966320276260376
589,114,person,233,30,440,355,0.6253836750984192
590,114,person,141,35,549,354,0.8272669911384583
590,111,person,31,36,293,354,0.7486502528190613
591,114,person,139,34,549,354,0.8253121376037598
591,111,person,0,2,211,354,0.5307101011276245
592,114,person,132,34,554,354,0.8071717023849487
593,114,person,133,34,553,354,0.819846510887146
594,114,person,132,33,555,354,0.7995080351829529
594,115,person,11,38,298,351,0.7132368683815002
595,115,person,5,38,299,352,0.7076603174209595
595,114,person,130,34,549,353,0.6902549862861633
595,116,person,419,1,639,350,0.5247082710266113
596,115,person,10,37,300,349,0.7052775025367737
596,114,person,134,34,548,353,0.6783344745635986
597,114,person,137,33,546,354,0.7034069299697876
597,115,person,5,35,299,348,0.6347267031669617
598,114,person,132,32,546,354,0.7475878000259399
598,115,person,3,35,299,343,0.5181692838668823
599,114,person,125,33,543,354,0.6508876085281372
599,117,person,422,1,639,348,0.5193425416946411
600,114,person,142,32,546,354,0.5794057250022888
601,114,person,158,32,547,353,0.625905454158783
602,114,person,164,32,547,354,0.6710968017578125
602,118,person,0,4,257,355,0.6419132351875305
603,118,person,0,4,255,352,0.7022367119789124
603,114,person,147,32,548,354,0.629997730255127
603,119,person,427,1,639,350,0.5066953301429749
604,114,person,142,32,548,354,0.6076606512069702
604,118,person,0,3,254,351,0.5384060144424438
605,114,person,129,31,549,354,0.6267962455749512
605,120,person,429,1,639,351,0.5725057125091553
606,114,person,132,30,550,354,0.6674781441688538
606,120,person,430,1,639,351,0.5824198126792908
607,121,person,2,24,299,336,0.7154861092567444
607,114,person,113,29,560,354,0.6112943887710571
607,120,person,432,1,639,351,0.573668360710144
608,114,person,135,29,550,354,0.6406118869781494
608,120,person,434,1,639,349,0.576438844203949
608,121,person,3,22,302,337,0.5728225111961365
609,121,person,1,20,306,350,0.685060441493988
609,114,person,125,29,550,354,0.5863004326820374
609,120,person,435,1,639,350,0.5815961360931396
610,121,person,1,19,304,349,0.8030219078063965
610,114,person,126,28,575,354,0.6896027326583862
610,120,person,437,1,639,348,0.5933587551116943
611,121,person,0,17,309,349,0.8065810799598694
611,120,person,437,1,639,349,0.5774323344230652
612,121,person,1,15,309,342,0.8386855721473694
612,120,person,439,1,639,345,0.5610529780387878
613,121,person,2,12,310,348,0.830216109752655
613,120,person,441,1,639,349,0.569618284702301
644,122,cell phone,247,18,434,356,0.5644537210464478
645,122,cell phone,246,19,428,355,0.700695276260376
691,123,frisbee,275,134,362,225,0.5260788202285767
695,124,frisbee,282,141,355,219,0.521919310092926
699,125,frisbee,285,145,353,215,0.5397562384605408
700,125,frisbee,285,145,352,214,0.5582713484764099
701,125,frisbee,285,145,352,214,0.5255460739135742
703,126,frisbee,286,146,351,214,0.5188161730766296
705,127,frisbee,286,146,351,214,0.5165883302688599
